{
    "$schema": "https://schema.management.azure.com/schemas/2019-04-01/deploymentTemplate.json#",
    "contentVersion": "1.0.0.0",
    "parameters": {
        "FunctionName": {
            "defaultValue": "CognyteLuminar",
            "minLength": 1,
            "maxLength": 20,
            "type": "string"
        },
        "WorkspaceID": {
            "type": "string",
            "defaultValue": "<workspaceID>",
            "minLength": 1
        },
        "AppClientSecret": {
            "type": "securestring",
            "defaultValue": "<Application Client Secret>",
            "minLength": 1
        },
        "TenantID": {
            "type": "securestring",
            "defaultValue": "<Tenant ID>",
            "minLength": 1
        },
        "LuminarClientID": {
            "type": "securestring",
            "defaultValue": "<Luminar Client ID>",
            "minLength": 1
        },
		"LuminarAccountID": {
            "type": "securestring",
            "defaultValue": "<Luminar Account ID>",
            "minLength": 1
        },
        "LuminarClientSecret": {
            "type": "securestring",
            "defaultValue": "<Luminar Secret>",
            "minLength": 1
        },
        "TimeInterval": {
            "type": "string",
            "allowedValues": [
                "Every 5 min",
                "Every 10 min",
                "Every 60 min",
                "Every 6 hours",
                "Every 12 hours",
                "Every 24 hours"
            ],
			"defaultValue": "Every 6 hours",
            "metadata": {
                "description": "Select the Interval."
            }
        }
    },
    "variables": {
        "PollingMap": {
            "Every 5 min": "*/5 * * * *",
            "Every 10 min": "*/10 * * * *",
            "Every 60 min": "0 * * * *",
            "Every 6 hours": "0 */6 * * *",
            "Every 12 hours": "0 */12 * * *",
            "Every 24 hours" : "0 0 * * *"
        },
        "FunctionName": "[concat(toLower(parameters('FunctionName')), take(uniqueString(resourceGroup().id), 3))]",
        "StorageSuffix": "[environment().suffixes.storage]",
        "Polling": "[variables('PollingMap')[parameters('TimeInterval')]]"

    },
    "resources": [
        {
            "type": "Microsoft.Insights/components",
            "apiVersion": "2015-05-01",
            "name": "[variables('FunctionName')]",
            "location": "[resourceGroup().location]",
            "kind": "web",
            "properties": {
                "Application_Type": "web",
                "ApplicationId": "[variables('FunctionName')]"
            }
        },
        {
            "type": "Microsoft.Storage/storageAccounts",
            "apiVersion": "2019-06-01",
            "name": "[tolower(variables('FunctionName'))]",
            "location": "[resourceGroup().location]",
            "sku": {
                "name": "Standard_LRS",
                "tier": "Standard"
            },
            "kind": "StorageV2",
            "properties": {
                "networkAcls": {
                    "bypass": "AzureServices",
                    "virtualNetworkRules": [],
                    "ipRules": [],
                    "defaultAction": "Allow"
                },
                "supportsHttpsTrafficOnly": true,
                "encryption": {
                    "services": {
                        "file": {
                            "keyType": "Account",
                            "enabled": true
                        },
                        "blob": {
                            "keyType": "Account",
                            "enabled": true
                        }
                    },
                    "keySource": "Microsoft.Storage"
                }
            }
        },
        {
            "type": "Microsoft.Storage/storageAccounts/blobServices",
            "apiVersion": "2019-06-01",
            "name": "[concat(variables('FunctionName'), '/default')]",
            "dependsOn": [
                "[resourceId('Microsoft.Storage/storageAccounts', tolower(variables('FunctionName')))]"
            ],
            "sku": {
                "name": "Standard_LRS",
                "tier": "Standard"
            },
            "properties": {
                "cors": {
                    "corsRules": []
                },
                "deleteRetentionPolicy": {
                    "enabled": false
                }
            }
        },
        {
            "type": "Microsoft.Storage/storageAccounts/fileServices",
            "apiVersion": "2019-06-01",
            "name": "[concat(variables('FunctionName'), '/default')]",
            "dependsOn": [
                "[resourceId('Microsoft.Storage/storageAccounts', tolower(variables('FunctionName')))]"
            ],
            "sku": {
                "name": "Standard_LRS",
                "tier": "Standard"
            },
            "properties": {
                "cors": {
                    "corsRules": []
                }
            }
        },
        {
            "type": "Microsoft.Web/sites",
            "apiVersion": "2018-11-01",
            "name": "[variables('FunctionName')]",
            "location": "[resourceGroup().location]",
            "dependsOn": [
                "[resourceId('Microsoft.Storage/storageAccounts', tolower(variables('FunctionName')))]",
                "[resourceId('Microsoft.Insights/components', variables('FunctionName'))]"
            ],
            "kind": "functionapp,linux",
            "identity": {
                "type": "SystemAssigned"
            },
            "properties": {
                "name": "[variables('FunctionName')]",
                "httpsOnly": true,
                "clientAffinityEnabled": true,
                "alwaysOn": true,
                "reserved": true,
                "siteConfig": {
                    "linuxFxVersion": "python|3.8"
                }
            },
            "resources": [
                {
                    "apiVersion": "2018-11-01",
                    "type": "config",
                    "name": "appsettings",
                    "dependsOn": [
                        "[concat('Microsoft.Web/sites/', variables('FunctionName'))]"
                    ],
                    "properties": {
                        "FUNCTIONS_EXTENSION_VERSION": "~3",
                        "FUNCTIONS_WORKER_RUNTIME": "python",
                        "APPINSIGHTS_INSTRUMENTATIONKEY": "[reference(resourceId('Microsoft.insights/components', variables('FunctionName')), '2015-05-01').InstrumentationKey]",
                        "APPLICATIONINSIGHTS_CONNECTION_STRING": "[reference(resourceId('microsoft.insights/components', variables('FunctionName')), '2015-05-01').ConnectionString]",
                        "AzureWebJobsStorage": "[concat('DefaultEndpointsProtocol=https;AccountName=', toLower(variables('FunctionName')),';AccountKey=',listKeys(resourceId('Microsoft.Storage/storageAccounts', toLower(variables('FunctionName'))), '2019-06-01').keys[0].value, ';EndpointSuffix=',toLower(variables('StorageSuffix')))]",
                        "WorkspaceID": "[parameters('WorkspaceID')]",
                        "AppClientSecret": "[parameters('AppClientSecret')]",
                        "LuminarClientID": "[parameters('LuminarClientID')]",
                        "LuminarAccountID":"[parameters('LuminarAccountID')]",
                        "LuminarClientSecret": "[parameters('LuminarClientSecret')]",
                        "TenantID":"[parameters('TenantID')]",
                        "timeInterval": "[parameters('TimeInterval')]",
                        "Polling":  "[variables('Polling')]",
                        "WEBSITE_RUN_FROM_PACKAGE": "https://github.com/myerram-loginsoft/sentinel_cognyte/raw/7576d060fed97d1bea017bc12938ee0028eb34fa/CognyteLuminar.zip"
                    }
                }
            ]
        },
        {
            "type": "Microsoft.Storage/storageAccounts/blobServices/containers",
            "apiVersion": "2019-06-01",
            "name": "[concat(variables('FunctionName'), '/default/azure-webjobs-hosts')]",
            "dependsOn": [
                "[resourceId('Microsoft.Storage/storageAccounts/blobServices', variables('FunctionName'), 'default')]",
                "[resourceId('Microsoft.Storage/storageAccounts', variables('FunctionName'))]"
            ],
            "properties": {
                "publicAccess": "None"
            }
        },
        {
            "type": "Microsoft.Storage/storageAccounts/blobServices/containers",
            "apiVersion": "2019-06-01",
            "name": "[concat(variables('FunctionName'), '/default/azure-webjobs-secrets')]",
            "dependsOn": [
                "[resourceId('Microsoft.Storage/storageAccounts/blobServices', variables('FunctionName'), 'default')]",
                "[resourceId('Microsoft.Storage/storageAccounts', variables('FunctionName'))]"
            ],
            "properties": {
                "publicAccess": "None"
            }
        },
        {
            "type": "Microsoft.Storage/storageAccounts/fileServices/shares",
            "apiVersion": "2019-06-01",
            "name": "[concat(variables('FunctionName'), '/default/', tolower(variables('FunctionName')))]",
            "dependsOn": [
                "[resourceId('Microsoft.Storage/storageAccounts/fileServices', variables('FunctionName'), 'default')]",
                "[resourceId('Microsoft.Storage/storageAccounts', variables('FunctionName'))]"
            ],
            "properties": {
                "shareQuota": 5120
            }
        }

    ]
}
